[
  {
    "id": "74b2c3fc-2c9a-4b51-8a32-3ff498ae6377",
    "data": [
      {
        "text": "What categories of your products?",
        "userDefined": false
      }
    ],
    "isTemplate": false,
    "count": 0,
    "lang": "en",
    "updated": 0
  },
  {
    "id": "6521b5f8-22a3-4cf1-8b56-f3ca31acaa49",
    "data": [
      {
        "text": "What are the types of products in your shop?",
        "userDefined": false
      }
    ],
    "isTemplate": false,
    "count": 0,
    "lang": "en",
    "updated": 0
  },
  {
    "id": "056ff21e-e4d2-4d20-b755-7f728c488432",
    "data": [
      {
        "text": "What kinds of products do you have?",
        "userDefined": false
      }
    ],
    "isTemplate": false,
    "count": 0,
    "lang": "en",
    "updated": 0
  },
  {
    "id": "3bf20aad-7e6c-4447-bffe-3b1166ea9d44",
    "data": [
      {
        "text": "Present me all categories.",
        "userDefined": false
      }
    ],
    "isTemplate": false,
    "count": 0,
    "lang": "en",
    "updated": 0
  },
  {
    "id": "b1e4e3b0-80d4-47d4-be6b-cb969461921d",
    "data": [
      {
        "text": "Show me all categories.",
        "userDefined": false
      }
    ],
    "isTemplate": false,
    "count": 0,
    "lang": "en",
    "updated": 0
  }
]