[
  {
    "id": "a27140bd-121f-43ce-b108-304458ab3ed2",
    "data": [
      {
        "text": "Can you help me reduce the number of ",
        "userDefined": false
      },
      {
        "text": "Game Day Bucky Plush",
        "meta": "@product",
        "alias": "product",
        "userDefined": true
      },
      {
        "text": " by ",
        "userDefined": false
      },
      {
        "text": "1",
        "meta": "@sys.number-integer",
        "alias": "number",
        "userDefined": true
      },
      {
        "text": "?",
        "userDefined": false
      }
    ],
    "isTemplate": false,
    "count": 0,
    "lang": "en",
    "updated": 0
  },
  {
    "id": "6b73c7e1-8278-43a8-aa6f-16f868248c34",
    "data": [
      {
        "text": "Remove ",
        "userDefined": false
      },
      {
        "text": "1",
        "meta": "@sys.number-integer",
        "alias": "number",
        "userDefined": true
      },
      {
        "text": " of ",
        "userDefined": false
      },
      {
        "text": "Game Day Bucky Plush",
        "meta": "@product",
        "alias": "product",
        "userDefined": true
      },
      {
        "text": " from cart.",
        "userDefined": false
      }
    ],
    "isTemplate": false,
    "count": 0,
    "lang": "en",
    "updated": 0
  },
  {
    "id": "9708fc7f-86bf-4c62-b346-6ba186b2e33e",
    "data": [
      {
        "text": "I think I can remove ",
        "userDefined": false
      },
      {
        "text": "1",
        "meta": "@sys.number-integer",
        "alias": "number",
        "userDefined": true
      },
      {
        "text": " of ",
        "userDefined": false
      },
      {
        "text": "Game Day Bucky Plush",
        "meta": "@product",
        "alias": "product",
        "userDefined": true
      },
      {
        "text": " from the cart.",
        "userDefined": false
      }
    ],
    "isTemplate": false,
    "count": 0,
    "lang": "en",
    "updated": 0
  },
  {
    "id": "9567a2d6-c988-4433-8021-83287fbab481",
    "data": [
      {
        "text": "I don\u0027t need so many ",
        "userDefined": false
      },
      {
        "text": "Wisconsin Leggings",
        "meta": "@product",
        "alias": "product",
        "userDefined": true
      },
      {
        "text": ". Remove ",
        "userDefined": false
      },
      {
        "text": "2",
        "meta": "@sys.number-integer",
        "alias": "number",
        "userDefined": true
      },
      {
        "text": " of them.",
        "userDefined": false
      }
    ],
    "isTemplate": false,
    "count": 0,
    "lang": "en",
    "updated": 0
  }
]